Sequence,Source_Env,Glu_fitness,Glu_naive_SEM,Gal_fitness,Gal_naive_SEM,Lac_fitness,Lac_naive_SEM,NaCl_fitness,NaCl_naive_SEM,H2O2_fitness,H2O2_naive_SEM,Glu_Glu/Gal_fitness,Glu_Glu/Gal_naive_SEM,Gal_Glu/Gal_fitness,Gal_Glu/Gal_naive_SEM,Glu_Glu/Lac_fitness,Glu_Glu/Lac_naive_SEM,Lac_Glu/Lac_fitness,Lac_Glu/Lac_naive_SEM,Glu_Glu/NaCl_fitness,Glu_Glu/NaCl_naive_SEM,NaCl_Glu/NaCl_fitness,NaCl_Glu/NaCl_naive_SEM,H2O2_H2O2/NaCl_fitness,H2O2_H2O2/NaCl_naive_SEM,NaCl_H2O2/NaCl_fitness,NaCl_H2O2/NaCl_naive_SEM,Gal_Gal/H2O2_fitness,Gal_Gal/H2O2_naive_SEM,H2O2_Gal/H2O2_fitness,H2O2_Gal/H2O2_naive_SEM,Gal_Gal/NaCl_fitness,Gal_Gal/NaCl_naive_SEM,NaCl_Gal/NaCl_fitness,NaCl_Gal/NaCl_naive_SEM,Lac_Lac/NaCl_fitness,Lac_Lac/NaCl_naive_SEM,NaCl_Lac/NaCl_fitness,NaCl_Lac/NaCl_naive_SEM,Glu_Glu/H2O2_fitness,Glu_Glu/H2O2_naive_SEM,H2O2_Glu/H2O2_fitness,H2O2_Glu/H2O2_naive_SEM,Gal_Gal/Lac_fitness,Gal_Gal/Lac_naive_SEM,Lac_Gal/Lac_fitness,Lac_Gal/Lac_naive_SEM,Lac_Lac/H2O2_fitness,Lac_Lac/H2O2_naive_SEM,H2O2_Lac/H2O2_fitness,H2O2_Lac/H2O2_naive_SEM,Glu/Gal_fitness,Glu/Gal_naive_SEM,Glu/Lac_fitness,Glu/Lac_naive_SEM,Glu/H2O2_fitness,Glu/H2O2_naive_SEM,Glu/NaCl_fitness,Glu/NaCl_naive_SEM,H2O2/NaCl_fitness,H2O2/NaCl_naive_SEM,Gal/Lac_fitness,Gal/Lac_naive_SEM,Gal/H2O2_fitness,Gal/H2O2_naive_SEM,Gal/NaCl_fitness,Gal/NaCl_naive_SEM,Lac/H2O2_fitness,Lac/H2O2_naive_SEM,Lac/NaCl_fitness,Lac/NaCl_naive_SEM,Glu_1_fitness,Glu_2_fitness,Glu_3_fitness,Gal_1_fitness,Gal_2_fitness,Gal_3_fitness,Lac_1_fitness,Lac_2_fitness,Lac_3_fitness,NaCl_1_fitness,NaCl_2_fitness,NaCl_3_fitness,H2O2_1_fitness,H2O2_2_fitness,H2O2_3_fitness,Glu_Glu/Gal_1_fitness,Glu_Glu/Gal_2_fitness,Glu_Glu/Gal_3_fitness,Gal_Glu/Gal_1_fitness,Gal_Glu/Gal_2_fitness,Gal_Glu/Gal_3_fitness,Glu_Glu/Lac_1_fitness,Glu_Glu/Lac_2_fitness,Glu_Glu/Lac_3_fitness,Lac_Glu/Lac_1_fitness,Lac_Glu/Lac_2_fitness,Lac_Glu/Lac_3_fitness,Glu_Glu/NaCl_1_fitness,Glu_Glu/NaCl_2_fitness,Glu_Glu/NaCl_3_fitness,NaCl_Glu/NaCl_1_fitness,NaCl_Glu/NaCl_2_fitness,NaCl_Glu/NaCl_3_fitness,H2O2_H2O2/NaCl_1_fitness,H2O2_H2O2/NaCl_2_fitness,H2O2_H2O2/NaCl_3_fitness,NaCl_H2O2/NaCl_1_fitness,NaCl_H2O2/NaCl_2_fitness,NaCl_H2O2/NaCl_3_fitness,Gal_Gal/H2O2_1_fitness,Gal_Gal/H2O2_2_fitness,Gal_Gal/H2O2_3_fitness,H2O2_Gal/H2O2_1_fitness,H2O2_Gal/H2O2_2_fitness,H2O2_Gal/H2O2_3_fitness,Gal_Gal/NaCl_1_fitness,Gal_Gal/NaCl_2_fitness,Gal_Gal/NaCl_3_fitness,NaCl_Gal/NaCl_1_fitness,NaCl_Gal/NaCl_2_fitness,NaCl_Gal/NaCl_3_fitness,Lac_Lac/NaCl_1_fitness,Lac_Lac/NaCl_2_fitness,Lac_Lac/NaCl_3_fitness,NaCl_Lac/NaCl_1_fitness,NaCl_Lac/NaCl_2_fitness,NaCl_Lac/NaCl_3_fitness,Glu_Glu/H2O2_1_fitness,Glu_Glu/H2O2_2_fitness,Glu_Glu/H2O2_3_fitness,H2O2_Glu/H2O2_1_fitness,H2O2_Glu/H2O2_2_fitness,H2O2_Glu/H2O2_3_fitness,Gal_Gal/Lac_1_fitness,Gal_Gal/Lac_2_fitness,Gal_Gal/Lac_3_fitness,Lac_Gal/Lac_1_fitness,Lac_Gal/Lac_2_fitness,Lac_Gal/Lac_3_fitness,Lac_Lac/H2O2_1_fitness,Lac_Lac/H2O2_2_fitness,Lac_Lac/H2O2_3_fitness,H2O2_Lac/H2O2_1_fitness,H2O2_Lac/H2O2_2_fitness,H2O2_Lac/H2O2_3_fitness,Glu_rep_diff,Gal_rep_diff,Lac_rep_diff,H2O2_rep_diff,NaCl_rep_diff,Mean_rep_diff_static,Glu/Gal_rep_diff,Glu/Lac_rep_diff,Glu/H2O2_rep_diff,Glu/NaCl_rep_diff,H2O2/NaCl_rep_diff,Gal/Lac_rep_diff,Gal/H2O2_rep_diff,Gal/NaCl_rep_diff,Lac/NaCl_rep_diff,Mean_rep_diff_fluct,Mean_rep_diff
AAGATAAGACGTAATAGGGTTACGGA,Lac,-0.4594284927856021,0.0443621117378455,-0.2765280834127661,0.0411785077118595,0.7586146580491794,0.0565104461468225,-0.4276612569164446,1.021406026409486,-1.7775242198337224,0.161556500470848,-0.1325763102502319,0.1553250581772475,-1.0567524183389,0.15904855418472,-0.4827819202214991,0.1743507343271133,-0.2801524550288076,0.1774768251177131,-3.644150688560412,1e-06,-0.3074800973107192,0.7219921145972663,,,-1.5816134534925477,0.1899335699523739,,,-4.086689913446828,8.787938274936075e-05,-2.7010092451823944,0.3118600087927232,-1.157733376298802,0.1516929058170729,-3.868460827832602,0.2149428246072061,-0.6233822001245636,0.267249012831627,-0.6191585326431843,0.0978977980571473,-3.3685210378900403,0.8559227631281269,0.1648576348047044,0.0677715920561069,0.0494158216322672,0.0477007897814175,,,-3.134157921352262,0.001303297050097,-0.594664364294566,0.1111556524496338,-0.3814671876251533,0.1243947366393238,-1.9938397852666123,0.4307515975899931,-1.9758153929355653,0.3609960572989794,,,0.1071367282184858,0.0414377666977551,,,-1.9293713107405983,0.173397954687638,,,-2.245921513978583,0.171480649571317,-0.4514494628906171,-0.4433823884145789,-0.483453282142348,-0.3053984391130388,-0.2913350327604025,-0.2328507958244011,0.7602112444471928,0.7211787316131147,0.7944541553457005,-1.0901654136427787,-0.6888499315446109,0.1881300390587909,,-1.5490488379966,-2.005999703809328,-0.5316194452810001,0.2611961751730111,-0.1273058396009153,-0.6559609412815199,-1.254611888713827,-1.2596833366503384,-0.5370610291884078,-0.3526616998542586,-0.5586218307814248,-0.2020416163577085,-0.3562489785035835,-0.2821669143073068,-3.644150688560412,,,0.508625755213561,-1.0942476308546671,-1.1529163473546435,,,,-1.9988972382388523,-1.194808425395762,-1.551134486304108,,,,,-4.086689913446828,,-3.4608280519938,-2.3893819283929827,-2.252819116384668,-0.6535525751427418,-1.3634827682173296,-1.2504160963526123,-3.660734798538373,-4.3912977594951546,-3.5533500859784275,-0.2245891493011554,-1.094032886917939,-0.7868498756684573,,-0.7576068683160125,-0.480709889355885,-4.121754607336922,-4.686361728192996,-1.2974432239408171,0.3064033133652916,0.2195659687740822,-0.0313963820599029,-0.0316866392509878,0.0373805337388402,0.1891223865599977,,,,-3.134157921352262,,,0.026713929151846078,0.04836509552575848,0.04885028248839052,0.4569508658127277,0.852196968467713,0.28661542828928716,0.1311911542368126,0.04395935557696318,1.8329077416061534,,,0.038996889871403005,,0.20371513813308736,0.5333355661911883,0.46401764093593467,0.38338027155109483
TCACTAAGAGATAAAAGGTTTTTGTG,Lac,-0.4983553224803936,0.0436598391726276,-0.2608645079999458,0.048276640883097,0.7767896836723641,0.0451476563925277,-1.3393893348995631,1.0099548646514076,-2.0931601426662216,0.422840027418129,-0.2563682974205785,0.1431570943152172,-1.2038532806498994,0.2305577479949796,-0.5642524642345986,0.1217060695355685,-0.1640565670453735,0.1501082295807503,-3.120329350302748,0.1023020146872135,0.0394159746757759,0.5502341002819334,,,-1.2779494895535295,0.1523322153802377,0.4396374539447984,1.0000000000000006e-06,-3.809885770317486,0.4596651142199165,-2.343352291867365,0.2818290094275264,-0.9973741399245116,0.1792340933876216,-2.8256301393562584,0.2860341936738296,-1.3673125609008594,0.250247482942933,-0.4447017550651729,0.0081296793893119,-3.1191162618176373,0.4588111071856282,0.227007502274232,0.0732073485217815,0.0139279670652089,0.037952642120022,,,-3.496771011282805,0.001505522836821,-0.730110789035239,0.1356934309512554,-0.3641545156399861,0.0966240756096324,-1.781909008441405,0.2294415632377201,-1.540456687813486,0.279831765227847,,,0.1204677346697204,0.041230204102939,-1.685124158186344,0.2298325571105021,-1.6703632158959385,0.1669973433825995,,,-2.096471350128559,0.1900258947287917,-0.5628148542677203,-0.452797650235551,-0.4794531961557579,-0.2445754298291861,-0.3722158237073452,-0.1658022805295984,0.7485441346355306,0.7415775961837036,0.84024726870977,-1.2630583237428397,-3.928756778391969,-0.1210283576032858,,-2.691146238604435,-1.495174084124532,-0.4612165344896125,-0.0494618148525291,-0.2584267366071258,-1.7002590156188786,-1.0175658914973988,-0.8937350363734045,-0.627369553228074,-0.4337873292607025,-0.6316006018097605,-0.0880741646669724,-0.3163366491197243,-0.0877600598882128,-3.21875136415075,-2.8715425513474635,-3.27069410982092,0.2951307067050719,0.4013378820780579,-0.578213572549419,,,,-1.3162213525569055,-1.580254666614037,-0.9373723303526004,0.4396374539447984,,,-3.711765564206208,-4.830333260945799,-2.887558505930248,-2.9032551653058567,-1.7136784993864211,-2.41312320930565,-0.7015711992442235,-1.626183434364944,-0.9787723732782638,-3.4379072528158394,-2.814461008436452,-2.224521873353308,-1.1843079948647022,-1.372544049112953,-1.4560030861816176,-0.433204647537829,,-0.4561988632525664,-3.0890234171921374,-4.107098942869868,-2.161226374149292,0.3371404646217494,0.2307214673146245,0.1131605262138187,-0.0455080719680596,0.0627219066238932,0.0298913701606232,,,,-3.496771011282805,,,0.07334480268811283,0.13760902878516454,0.06577978168404426,1.1959721544799031,2.538485613859122,0.8022382762992694,0.36481594791952104,0.01156008682846014,0.45240141366405395,0.4595676710336445,,0.0501304925213586,,0.08832147693290497,0.3138967627152054,0.24867055023073553,0.479323769425958
TGATAAAGAAAGAATCACGTTTCAGA,Lac,-0.4567522872308571,0.0644800293781127,-0.2973032079246147,0.0535725020263189,0.7784153916576281,0.0463268366209797,-0.6347173498695063,0.7731946805245756,-0.7220101294675845,0.978097338825318,-0.2313101408081839,0.1688355457384143,-1.1728498549731563,0.1588393718189263,-0.5207632500178998,0.1303313883187093,-0.0786926057161226,0.1584000241178866,-3.9672598845979232,0.4588364735237683,0.5366715877629564,0.912403536529792,,,-1.0630497487834496,0.2010672331369661,-0.0123070421650608,0.3211007254438235,-3.5618008607727725,0.3527620631560725,-1.8423417344531097,0.7887930377040627,-0.8679212950605929,0.1783784304533965,-3.097921315352447,0.8316121246540732,-0.2820329658658602,0.3905832023712802,-0.508078092656093,0.2793035050183564,-2.1090734885812013,0.5667663131175623,0.1681686767821222,0.0478774542121213,0.0125552951931351,0.0728164505511375,,,-4.286997068244,1e-06,-0.7020799978906701,0.1159044731067564,-0.2997279278670112,0.1025631981044239,-1.3085757906186473,0.3159250312971471,-1.7152941484174833,0.5106395800630321,,,0.0903619859876286,0.0435731743527483,-1.7870539514689163,0.2385093022728246,-1.3551315147568512,0.4043554503099408,,,-1.6899771406091535,0.4593838166082546,-0.4816174046855279,-0.382461831306897,-0.5061776547633068,-0.2871043918777649,-0.364359976629625,-0.2404452013919765,0.7588776982667672,0.7596991948224563,0.8166697833398111,-1.019622960099739,-0.674610958438504,0.0024640241376321,-2.1052488437786776,,0.6612299619322528,-0.1138407714157693,-0.0051061357772749,-0.5749864365284117,-1.1186173364359755,-1.3146164105693454,-1.0144324211494138,-0.5924682763829335,-0.2447508627424903,-0.7250707522561255,-0.2187636199833044,-0.1022537418264982,0.0849399809659082,-2.951003508003828,-4.891085950959311,-4.059689252922502,0.3748265248753011,1.5846646397076056,-1.2356168931568103,,,,-0.8760706914610383,-0.7619443431005655,-1.551134486304108,-0.1199783328493577,0.7162735823707662,-0.6332168921082634,-4.425280043764388,-3.101995614962397,-3.158126641010342,-2.9578592974376967,,-0.7268218070172169,-0.7792736212013625,-0.4747343021872526,-1.4384042861973372,-4.548298240775618,-3.931765430116627,-1.955807766240692,-0.3556488266263004,-1.3717361483457609,0.1302783701720931,-0.9564527913530438,-0.1979910848728828,-0.4389343948006148,-3.4130731336315936,-3.0468055143790584,-0.9882077074110344,0.1842623403952505,0.1965769342106181,0.123666728992393,0.1083301537155585,-0.0961138268443064,0.0318966803227638,,,,,-4.286997068244,,0.08247721563760653,0.08260985015843232,0.0385280567153626,2.76647880571093,0.6813913228249141,0.7302970502094491,0.11898691660869358,0.15474243059908313,0.9807946075909962,0.9063763876502618,,0.06404312891483245,0.7198454480073716,0.7859534127122525,1.1593240607979298,0.6112582991101776,0.657042434148359
TCATAAACCTATAATCGTTTTGTCGA,Lac,-0.5306312017107794,0.0370793815874259,-0.2558068020424834,0.0632485755576408,0.7536576033033205,0.0721853501934462,-0.7567174871706134,0.6825881847114548,-1.031500397936271,0.2887787585258477,-0.2230846466119924,0.0851660641427051,-1.0453778388373494,0.1964499070135572,-0.1739038357511456,0.1543697151272056,-0.3192069529570315,0.1803265599433198,-3.963202787047952,0.502716960077939,0.4775302826426733,0.6985006351416554,,,-1.4197195824604945,0.139877975629309,0.2318156230438295,0.3684399705928013,-3.4729584869087216,0.1806156500946586,-2.649395280835053,1e-06,-0.8209555447354205,0.2022625111162667,-2.436089607642444,0.2113699270339173,-1.302644890492185,0.2872849773475297,-0.287630562624947,0.2356436169144507,-2.4279611400113064,0.6397261950806875,0.2389834878217665,0.0576348272563925,-0.0058067785073287,0.0556346295418097,,,,,-0.6342312427246709,0.1070581903069478,-0.2465553943540885,0.1186883283746198,-1.3577958513181267,0.340872967124462,-1.7428362522026393,0.4302985821622295,,,0.1165883546572189,0.0400530439452752,-1.620571431932446,0.2051645833163831,-1.7351754127852368,0.1011312555593693,,,-1.8693672490673143,0.1783324874103805,-0.5410432736905756,-0.481902155779901,-0.5689478083797305,-0.3980398308908927,-0.1692711677655343,-0.200106688793538,0.7048048944128215,0.698718588089587,0.8574420580155095,-0.9369168453902268,-0.9516109384557828,-0.1940737591512273,-1.2388299373787426,,-0.92783398786806,-0.2905322460569792,-0.2492885372086435,-0.1294330943295311,-0.8591139813214472,-1.432372013090882,-0.8446472877752236,-0.0452647748547137,-0.0258639766664851,-0.45058422492871,-0.3640674028010646,-0.3366923867928844,-0.2568617849205717,-3.5210905957569727,-3.188938635295796,-5.17957894003754,0.4012368349875226,0.6848471210860746,0.3465193807223589,,,,-1.572154728198137,-1.609242203487769,-1.0777581725798795,-0.3431218868402788,1.1217386949332635,-0.0831705570786028,-3.8981939009331743,-3.3660773535133943,-3.154604270337807,,,-2.649395280835053,-0.6782981502760663,-1.303176070210107,-0.4813925982019475,-2.017874749879732,-2.9095261203055864,-2.380867948743941,-1.8688032828897807,-1.2917694682722058,-0.7419247439768766,-0.0401620594821087,-0.8629673837105264,0.0402380231715553,-3.764253558435739,-3.388633949585828,-1.2794789522635284,0.1522442295192131,0.2113986828555195,0.353307703623018,0.0075222036259494,-0.0324890125181212,0.0142230495511159,,,,,,,0.058030435066553,0.15251244208357226,0.10581564661728171,0.31099594951068255,0.505024786203037,0.22647585189622532,0.23586005606492358,0.11496321546330406,1.0041201347347941,0.7763226817018197,,0.06925477334299047,0.6656590430644407,,0.3595009652856584,0.4608115528082758,0.3631716774282548
GTACCAACCAGTAAAGCTGTTCGTTG,Lac,-0.5200354717037962,0.036720355231961,-0.3153206809124795,0.0608198883869051,0.7526483817849577,0.0560572426998921,-0.4296737000051448,0.8299509549281299,-0.1158139491835135,1e-06,-0.5011537919632318,0.1915635532161839,-0.914610241960687,0.180370694882689,-0.4944635891844652,0.2058185350200636,-0.3207621497874765,0.1937014483465299,-3.9265390268068128,0.2626896861631866,0.29888053313761,0.9175702926003032,,,-1.0125422115376232,0.130148401908715,1.7258483552303852,1e-06,-4.179900858235828,0.314949800506261,-2.825611472045941,0.1660585555896086,-0.6999695221279906,0.0728516690563707,-2.734257767370523,0.1769216782940069,-0.7713322054618383,0.227992074917556,-0.5798302326248235,0.4869157910259994,-3.027334520252288,0.6611192121599212,0.0801611613477762,0.0837352531086837,0.2086139727859388,0.0934615569352064,,,-4.041585846443434,1.312191034461331,-0.7078820169619594,0.1315581454084788,-0.4076128694859708,0.1413165953182326,-1.803582376438556,0.4105379398537453,-1.8138292468346011,0.4772161756162293,,,0.1443875670668575,0.0627428387107408,-1.2270262515027217,0.1574749002539242,-1.7627904970869657,0.090668089161521,,,-1.7527949864161807,0.1442928155484365,-0.5206875466906677,-0.472056929947248,-0.5673618183816692,-0.3234059972165521,-0.3845225198642483,-0.2380333610069961,0.7433797415706331,0.722429734308996,0.7921358026494661,-1.4488593837711858,-0.3156205645279933,0.1357410362137323,,,-0.1158139491835135,-0.9532478010598934,-0.019465195281217,-0.5307487971203838,-0.5831131966691052,-0.903732021522856,-1.2569854652144772,-0.6355143641415004,-0.1226694926070152,-0.7252070263235251,-0.2694642855540083,-0.442877463742072,-0.2499430786892905,-4.455080904780101,-3.6622685235183874,,0.6458392330119054,0.6443307755295637,-1.0859125567675272,,,,-0.864566865144833,-0.8419870507731092,-1.3310726015258132,1.7258483552303852,,,-4.950744540241777,-3.821333126265285,-3.767626826367229,-2.981297868192688,-2.4223298664817703,-3.073209523015066,-0.7530910040329892,-0.741474274793461,-0.6526563999672674,-2.9844628074039465,,-2.484052182053972,-1.2297073872349351,-1.1953955275807977,-0.3301129642138262,,-1.2684324966009397,0.1087731238831881,-4.3167603116922,-4.380618695763008,-1.7059804929493936,0.18451602672171,0.2252503467307336,-0.1692825998373036,0.1644086541068514,0.0235179294291473,0.5525659374128601,,,,-2.185866132005677,-5.897304164995333,,0.06353659228961413,0.09765943923816812,0.04647071222698007,,1.0564002799899455,0.31601675593617695,0.2881790151769293,0.13653438288790945,2.0259219116488714,0.3956519618896861,,0.044838353805225196,,0.19019491031681537,0.7000025241855419,0.5401890085587112,0.45867182578688065
GAAGTAACATAAAATGCTCTTGTGCA,Lac,-0.4929502047809545,0.0446181662777138,-0.3464648205414002,0.0685743235903955,0.7620888517838441,0.0530794617992182,-1.013736020516987,1.200935870833166,-1.43754712138007,0.7182334985710328,-0.5220800802455845,0.2441125642495945,-0.7656921945463546,0.2000641395754867,-0.4521999729864682,0.0764319861008813,-0.2326201572364319,0.1778018342321384,-3.2464026202114407,0.9990066604427555,0.4581821483605593,0.687201930106056,,,-1.6704689509465724,0.435261645925782,0.1820915095974104,0.574803881998293,-3.431476637385952,0.1010173857113544,-2.899583080857114,0.591510997360838,-0.739024521907505,0.2197283708892689,-2.162893549563522,0.6143707251722716,-0.7068342058710791,0.2490913228920598,0.1654911854808037,0.3682964444965617,-3.0699296560448457,0.5496203949046672,0.2834618856833456,0.0544547353862977,-0.0375437860113644,0.0572120143777595,,,-3.9505168590808974,1e-06,-0.6438861373959696,0.157810490754411,-0.34241006511145,0.0967669116429243,-1.452219235282021,0.3308038880983608,-1.3941102359254407,0.6062715563900545,,,0.1229590498359906,0.0394921916179409,-1.6246925638942709,0.2918064491132196,-1.8193038013823093,0.3155019084619241,,,-1.4348638777173006,0.3314731795669218,-0.4258315502802378,-0.4620681039919759,-0.5909508892018458,-0.2624121129128494,-0.4783879336078546,-0.2985960437813504,0.7579332387320566,0.7245709697171856,0.8037607528580489,-0.909247582238467,-5.375675756326212,0.3009434795303378,0.2926464290191192,-2.578668255177221,-2.0266189932578325,-0.938112437254102,0.1689472157384822,-0.7970745403833344,-0.5446512950070439,-1.2061446312008202,-0.5462793438005047,-0.430622779564035,-0.4552901758488092,-0.4706870235056046,-0.1992470207463569,-0.2588963862067302,-0.239716837420234,-3.649400044370704,-4.398609465778837,-2.4688002837410585,0.2086708338060728,1.3119310308178034,0.0553539732127704,,,,-1.1563726519116548,-1.118619287034991,-2.736415157616061,-0.6308039576171294,0.9949869868808342,,-3.631370060621444,-3.457832221728583,-3.2052276142891984,-3.971039986702598,-1.5191848638206795,-3.208525042028363,-0.3850238137087518,-1.366131122416837,-0.8199194861688391,-1.7637854105241508,-2.597587070135838,-2.526410254033632,-0.6530575908809594,-1.5374634796755788,-0.3452933887463527,1.058450229186001,-0.1698202079328365,-0.3921564969227818,-3.494589986690835,-3.963998092970188,-1.7511993364258585,0.197549036682786,0.3683199433808673,0.2845159301091507,-0.0214953941714606,-0.1494211138510006,0.1061996842207794,,,,-3.9505168590808974,,,0.110079559281072,0.1439838804633368,0.05279318876057556,1.914209789464227,3.784412823904366,1.2010958483747154,0.14852210559960258,0.028105587248382524,0.6634874891847948,0.34242763334544774,,0.07155399060620157,0.8996643916954123,0.49024927139127783,0.5727358494687688,0.40209328981748604,0.7094019661856511
TAGATAACATAAAAGCGTCTTCAAAT,Lac,-0.404678644373866,0.0481379359265332,-0.279850554616945,0.0624811872883012,0.7472646937995947,0.056837282147737,-0.7583813025719399,0.5149676398242073,-0.8712676166772986,0.3163365486196585,-0.0675522213994589,0.2343276204080797,-1.0062258176876864,0.2154497881871963,-0.3329912452942585,0.1010385678183235,-0.2234453337575279,0.1758367665775551,-5.108658457374986,1e-06,0.4008784712445927,1.0595080228405322,,,-1.2678845046846845,0.1174595708638662,-0.2627591055463366,0.4565611841884088,-3.3418850788693883,0.0995513909981715,-2.900072202632286,0.4998630147084969,-1.0240203639458716,0.1065131702005387,-3.6383959814250897,0.6571726310763223,-0.8128668603573136,0.1048416390547689,0.630360390488656,0.6568068606995401,-3.353587481016392,0.7339206244867975,0.1631658374125083,0.0244695786430917,-0.0302067120504989,0.0665814392617047,,,,,-0.5368890195435726,0.1591603318324173,-0.2782182895258932,0.1013994091048211,-1.361613545263868,0.4924517071015887,-2.353889993065197,0.529754011420502,,,0.0664795626810047,0.0354677611822712,-1.8023220922078624,0.2336442778869156,-1.9620462832890788,0.2555426035417754,,,-2.225631420891202,0.3327415048936135,-0.3974993353467639,-0.4641391143898822,-0.3523969858824263,-0.3579722715017089,-0.3169488969234027,-0.1646303217192863,0.7230547421898534,0.686912422170076,0.8318264003500775,-1.4983688575961658,-0.6552618452740364,0.1453617393070336,-1.1736906397740496,-0.8702320118077772,-0.5709151822575304,-0.4569352269777841,0.4042071784987511,-0.1499285576969935,-0.5346909487745619,-1.262646832624022,-1.2213390815566536,-0.3084008015119773,-0.3248687007277553,-0.3657050269513522,-0.2059599253567236,-0.0564299862890649,-0.4079460056843182,,-5.108658457374986,,-0.9323878620534256,1.6680266791968912,-0.8001407066314674,,,,-1.5393649088712755,-1.049626415550681,-1.214662249683041,-0.9084356919313404,,0.3829191728459965,-3.482672007399058,,-3.2010982221769693,-2.193158422247268,-3.6069868768515634,,-0.8217364462432255,-1.1629104936920565,-1.2896982907462218,-3.416349531793661,-5.130167189393195,-2.368672675650123,-0.9647313768132556,-0.9608513345831912,-0.5870094647668511,1.559225521668416,,-0.2985052213491569,-3.794273619923326,-4.642617174685324,-1.6238599143789971,0.1665036252250019,0.1039270947560745,0.2190668169092248,-0.0524222613182036,0.0328668003856681,-0.0914941236015344,,,,,,,0.07449475233830394,0.12889463318828173,0.09660931878666768,0.4018503050110129,1.0958203979354664,0.35953388145194654,0.1709426617094587,0.1307841152062834,0.15634148126337788,,,0.007570843744981441,0.7864643249997125,0.8775012510265632,1.0451121278531372,0.45353097225764494,0.41436551775527053
CTCAAAAGCCAGAAAAGCCTTTAGTT,Lac,-0.4821383710634343,0.0730435356992211,-0.2894273482991784,0.054824586105308,0.749288503396244,0.052269115148499,-0.3557545147503618,0.6502583270527357,-1.6631564708699504,0.4838632470915431,-0.2466582533610087,0.1956363331418801,-1.0350468306934235,0.1820025140142715,-0.4948323543253472,0.1101282383916037,-0.3101721081936574,0.1788108226530202,-3.446983090001073,0.2294117152066677,-0.0127606260108875,0.5928207206080242,,,-1.5392765628882594,0.7189370290074774,-0.9183410976543254,0.5487385874672065,-2.815950751018594,0.2349662291319735,-2.489849636699091,0.1482327854389308,-0.9920577297983716,0.288831602033077,-2.797209807780841,0.3311684609174067,-0.2598830617546704,0.3455878568410182,-1.1397776986766417,0.7100221710919787,-3.285505265305335,0.5387642829312678,0.1352154084986437,0.0707083997728662,0.092255131956344,0.0958695622430561,,,,,-0.6408525420272161,0.1336024793489213,-0.4025022312595023,0.1050018323519734,-2.2126414819909885,0.4456451604148221,-1.7298718580059804,0.317830985689046,,,0.1137352702274938,0.0595622589462376,-1.86714592433646,0.2984640540366645,-1.7409536832487311,0.1623242534342741,,,-1.5285464347677558,0.2393237954646236,-0.4550956396407467,-0.5582051513124239,-0.433114081944599,-0.3303852641983284,-0.3103115217255561,-0.2275850222038263,0.6689131687582437,0.7534022631944848,0.8255514219324405,-0.5962434240622934,-0.3855704902614495,0.0646266841052799,-1.0618992337861912,-2.8483318221186,-1.07923767614762,-0.3055345279727581,-0.0737846677087971,-0.3606566850356439,-0.8327771761904696,-1.5124113953504588,-0.7599517573030425,-0.4530628350015841,-0.4648851719980973,-0.5665489682838896,-0.3904767313167938,-0.2828127662616633,-0.2572269840688196,-3.122545930542927,-3.7714202535787176,,0.0360385056344506,0.4834911643955213,-1.1028606545595108,,,,-0.5949032997249346,-0.7242040094940408,-3.298722732490765,-2.065888483528118,0.2615374249811245,-0.9506711201115988,-2.925472652374671,-3.4817792228087026,-2.428275418969646,-2.3634420050489724,-2.258275231193955,-2.847831333994635,-0.5749535937304157,-0.5004091651264209,-1.4464352089671575,,-2.381168017705548,-3.0052306631665733,-0.9847390098771964,-0.5349755938012317,0.1651309133875038,,-2.1439012339548458,-0.1356526392750245,-4.426984130845503,-3.288325546541551,-2.1412060781375555,0.3062345142993896,0.0885831623606537,0.0108285405105109,-0.0113059043222543,0.036082671812222,0.3318553723780806,,,,,,,0.08339404624521658,0.06853349466300142,0.10442550211613118,1.1909550588882725,0.4405800721117155,0.37757763480486745,0.15519587357352313,0.03194720935287243,1.5776840315419083,0.10071083213735998,,0.0726726929052386,0.590373112691737,0.5118607155471389,0.03802193086385497,0.38480829982670417,0.38202727481830545
ACGAAAATATGAAATGTTGTTTTGTT,Lac,-0.4872630397087332,0.0659788713539082,-0.1976650546652666,0.0973735130041833,0.7854588569754333,0.039620206575019,-0.3877047471553225,0.6679598166697002,-1.2714379012705133,0.5449920646175116,-0.4900885706218427,0.1507281992039863,-0.6590726688245824,0.1636610221072738,-0.5612789759617436,0.1354027801237536,-0.2119838183063341,0.1826951273798099,-3.8271378750504166,0.4620559453584101,0.6369800271854067,1.0648455761981075,,,-1.4202512336925155,0.4429952992876756,-1.3554683368616094,0.3268980940692321,-3.212209368730812,0.1770511002390157,-2.616796157664828,0.3187368324333871,-0.5371941589837425,0.2589643160353844,-3.3724887008494364,0.7358671649876157,-0.7901073226738745,0.115324360237033,-0.5303068354064814,1e-06,-2.58253595736794,0.8297319608869316,0.1035863710490506,0.0619310970922706,0.1405591707238487,0.0798769324624352,,,,,-0.5745806197232125,0.1112473822079357,-0.3866313971340388,0.1137007282667601,-1.5564213963872109,0.414865980443767,-1.595078923932505,0.5803860348487319,,,0.1220727708864496,0.0505365835970851,-2.283838852796211,0.1858826619146757,-1.5769951583242852,0.2053385529615319,,,-2.0812980117616555,0.3724245536249563,-0.4358417681522359,-0.4052787163437044,-0.6206697000809398,-0.2358841248199136,-0.2786415385716125,-0.0784695675249538,0.7413857606074888,0.7874692222962772,0.8275219789157945,-0.1329437131393464,-1.0193922472460326,0.1777102236442249,-1.958645367186819,,-0.9278360936559372,-0.1656999378328838,-0.3466498434647019,-0.9579127655698836,-0.7157394186183044,-0.5903433985419368,-0.6711346893656904,-0.4223911857315423,-0.4482275144356901,-0.8132183961030572,-0.3892638545831793,-0.190945455552548,-0.0557420414667828,-4.188614666594616,-4.575233002027674,-2.71756611011575,0.5448837868395497,1.545428534652719,-0.9957481070308424,,,,-0.6483919849776103,-2.46669244438144,-1.1456693781848488,,-0.893164330338029,-1.8177716092929104,-3.642664707189212,-3.042731801802032,-2.95123160054439,-3.0675582168410025,-2.166034107851125,,-0.1330089479925902,-0.9293111189685976,-0.5613314895911485,-2.9278712053430467,-5.107567357309188,-2.082012575693005,-0.7415068294749452,-0.9181955434490672,-0.7746640672624108,,,-0.5303068354064814,-3.7559547500373314,,-1.409116984711945,0.1860685052714306,0.0727648337033899,0.0519261249571475,0.1353160468771121,-0.030999817934652,0.4057592236240687,,,,,,,0.14359398915815694,0.13344798069777244,0.05742414553887043,1.0308092735308816,0.7980683139268384,0.432668740570504,0.24920269949479526,0.0765958225272007,,0.22783658325721237,,0.13864011093749276,0.4165535388486199,0.05261096900693474,1.0563620859342797,0.3168288300009336,0.3650954594049212
GCCTCAATGCGTAATTCAATTCATCT,Lac,-0.4253276743347756,0.0681385808536209,-0.3227616543798786,0.0647909284574966,0.7679468456171556,0.0572274028265085,-0.974266642749842,1.1192189959407643,-2.259691769597973,0.1352212448850331,-0.4925046509796519,0.157685163725908,-1.0908353393000805,0.3353326429616634,-0.4898947531912809,0.1440423621710934,-0.2591559966357518,0.1979034157207191,-3.4488141348618107,0.4352902475864882,0.2141050930288079,0.8134959458080641,-0.7718598011631032,0.0009760354347035,-1.6447264261099552,0.2906331283804511,1.7083689040102497,0.1091566007955345,-4.243670706121331,0.5539453819948088,-2.139566714961046,0.5457610982542366,-0.4640212715971142,0.4161372764794923,-2.63204948551758,0.385375186121053,-0.4607246366413241,0.2643222929885642,-0.3002102568069951,0.3009485775688169,-2.654745599416542,1.1005140798958888,0.0769757365524372,0.1282044509813698,0.0940669714774125,0.0533408772732616,,,-4.704174627996948,0.2519745923182223,-0.7916699951398662,0.1852785688462921,-0.3745253749135163,0.1223866455682116,-1.4774779281117685,0.5704606223022297,-1.6173545209165014,0.4613169337586858,-1.2082931136365291,0.1453173836447119,0.0855213540149248,0.0694291553306599,-1.2676509010555406,0.282298888472223,-1.30179399327908,0.3431564545668054,,,-1.546387061079452,0.2336558947729377,-0.4157484132007744,-0.4200469706433869,-0.4401877174676398,-0.3697115238930017,-0.2806277045003362,-0.3179460018750042,0.73603867170892,0.7761903922047779,0.7916114869756977,-1.4430931519904593,-1.3639741296604335,-0.115701669403556,-2.381502220407345,-1.9320410882323635,-2.4655320339650846,-0.556807947222399,-0.2183928959319047,-0.7023136238015155,-0.7906666569772176,-1.864213031772935,-0.6176240203924944,-0.484360719087968,-0.3499399576597988,-0.6353835741919888,-0.3818973565523084,-0.1628937783420274,-0.2326770634886747,-2.833220470463672,-4.064407378261744,,-0.118185044666991,1.123260609405858,-0.9396342270968898,,-0.7718598011631032,,-1.603903424728768,-1.049626415550681,-2.2806493066742703,1.5539980987787794,,1.862739594673939,-4.596402412941681,-2.9326092272455484,-5.202001124217317,-3.308720272623925,-1.5549906719991444,,-0.4087444276545718,-0.2348577509664076,-1.2620707712408603,-2.705633482439992,,-2.558466633953735,-0.2215299097309466,-1.0588716743536524,-0.4008462489644558,-0.3058652252149148,0.3410054162405036,-0.9357719435146457,-2.2518773580688785,-6.022794261001706,-1.172158703025838,0.1299979121142498,-0.1444467067634727,0.2453759466174142,0.0608015432207955,0.0242356824595237,0.2487122210705052,,,,,-5.060521348460832,-4.347828866817843,0.016292869511243608,0.05938921292844368,0.03704854351118514,0.3556606304884807,0.8849276550579356,0.2706637822994577,0.25422276117027653,0.11840896722627907,1.191286066073573,0.005129373137388482,,0.20476639733062282,0.14842860769023836,0.9638081386564723,0.016074745373626076,0.36276563208230955,0.3273418437042896
AGTGGAATGTGAAATTGCCTTGTCTG,Lac,-0.636368782641429,0.0515645598545811,-0.3098750868448852,0.0876804376446175,0.7832112864902433,0.0600537881872819,-0.376445037932659,1.1871174192725222,-1.1120894517854358,0.3453828860334953,-0.2086789983878745,0.1766647813968633,-1.219536676130332,0.208116824937558,-0.4194916939686944,0.1277631157671015,-0.5571723617461386,0.2278077452054253,-4.032744878441096,0.0133269533100318,-0.4369674755499775,0.7870081977857454,,,-1.0730188933774558,0.0775491538259938,0.1923233603853705,0.7109559972748324,-4.073531092812972,0.2024371244624881,-3.3630197630426606,0.0648094577681128,-0.320383720830552,0.5440012664956159,-2.0189982923692766,0.475333119808919,-1.146816302030371,0.0575439996568185,-0.8576234580004346,0.2405158358903386,-3.257067705930756,0.191509851783824,0.1655890890961991,0.1393630114058939,0.0137448715754601,0.1618050446781857,,,,,-0.7141078372591032,0.1364945583238501,-0.4883320278574165,0.1305945850007742,-2.057345581965595,0.1537236893294999,-2.2348561769955366,0.3935605134748958,,,0.0896669803358296,0.1067742026795669,-1.940603866213801,0.3696076363597255,-1.8417017419366064,0.2739240970437937,,,-1.582907297199824,0.2394017996401573,-0.687939622807803,-0.5739357422178151,-0.6472307992941094,-0.3180100316288611,-0.2332834932848712,-0.3783316626537713,0.8113164097393102,0.7102598912326575,0.8280583533692933,-0.40376276043324,-2.0965059470598173,0.2151242179707448,-0.6236442978524281,,-1.600534599712432,-0.6819508328567037,-0.2248976891469777,0.2808102090405786,-1.0511992727205803,-1.089740551973365,-1.4744054677150082,-0.4314055230610799,-0.0899259938841442,-0.737143324977432,-0.5852990032043107,-0.987475760372878,-0.0987432510549439,-4.013897709182335,,-4.051592042493847,0.4425943763070013,-1.4121998680075396,-1.2208459111233003,,,,-1.18268996493257,,-0.963347856267318,-0.8131255111346665,,1.1977632883834617,-4.359819442389991,,-3.787241496676113,-3.4546741857401773,-3.2713653430376666,,0.2451590725205295,-0.2626316283763154,-1.509221504608677,-2.691219305426912,-1.3467753217694438,,-1.1885598188878406,-1.2425378219751522,-1.0093511667442274,-0.5509876832361223,-0.5752853156743046,-1.4465975667743842,-3.465491040207532,-3.516809147752794,-2.788902868183441,0.3927598328077864,0.4013589148817115,-0.2973513701275781,-0.0383672684502617,-0.2060885115241474,0.4216627621895153,,,,,,,0.07600258705999192,0.09669877957926672,0.07853230809109053,0.9768903018600039,1.5410867766870415,0.5538421506554789,0.17985161563428478,0.08050505940821547,0.07300723717139028,0.8505673103709066,,0.07669372409852919,1.2917333726160032,0.16224092909716714,0.6452329902850782,0.41997902983519686,0.47146484553530527
TTGTTAAGCTGCAAGATCGTTGCTGA,NaCl,-0.0501862687994987,0.0375725089315628,0.1899233694562472,0.1675118491104931,-0.6176080796964024,0.2943519475137374,1.2963032945984545,0.0804038701475999,-0.7469263956995426,0.4179716355289376,-0.0669535338685171,0.0239054660035791,-0.1615546190156575,0.0761160443225519,-0.5451928163356758,0.5080597482712375,-0.1031166212169367,0.3629582836947975,-0.1926978577773238,0.0844657077280425,1.0690649026912926,0.0604280653807098,-0.2313220801709707,0.0552679953843868,1.1238330065531412,0.0338740710744217,-0.1669716742864046,0.133721331885221,-0.455050371700504,0.1665594112642172,-0.3723543153115781,0.0492118845403312,1.0968976092636933,0.075915199129293,-1.4733003169006753,0.0670148341403241,1.6190895312781877,0.0515213169816235,-0.0565170906252529,0.1246520464501532,-0.721530395362439,0.2056404827115008,0.2442092410803061,0.2036604106303793,-1.219094093938593,0.1819481773996492,-0.3670806412670261,0.286187892506352,4.529917325050348,0.3898825613925116,-0.1142540764420873,0.039890862074418,-0.3241547187763062,0.3121952207818476,-0.3890237429938459,0.1202353325919945,0.4381835224569844,0.0519278510715936,0.4462554631910853,0.0324114331870852,-0.4874424264291435,0.1365491689073838,-0.3110110229934543,0.1067982116913013,0.3622716469760576,0.0452352932975212,2.081418341891661,0.2418222081898253,0.0728946071887561,0.0422653347862526,-0.0100837894489105,-0.0497510827934692,-0.0907239189034594,0.3376665752377319,0.3596644433561749,-0.127560848375139,-0.7587566183082961,-0.2884948600370726,-0.8055719649019648,1.3625939933788007,1.3141394675270446,1.2121762936685128,-1.475102791611996,-0.081204487624943,-0.9271958604521572,-0.0640949694150306,-0.1040426613018338,-0.0327230300096145,-0.1814217546229045,-0.2009332246326408,-0.1023081854181423,0.2473426964416112,0.039288672827182,-1.9222097445482047,-0.2716637345031782,-0.6817305167518659,0.644044227187807,-0.1741322351587578,-0.2810644347883239,-0.1228965264281288,1.0632587247097078,1.141940877537606,1.001995039194018,-0.3935991688654026,-0.1035202728551445,-0.1968464303855393,1.16224879893159,1.1421779095865046,1.067072293911462,0.0664886375827951,-0.0931054282229518,-0.474299316503697,-0.6701524488552075,-0.6364310343233597,-0.0585680635268017,-0.4450832874679492,-0.292217551377932,-0.3797621657157911,1.269168403526182,0.9544780476901692,1.0670478434411417,-1.3227967477559943,-1.4243161026214453,-1.6727877736991372,1.6183875397984553,1.576051569301761,1.6628286005791362,0.1559415705289193,-0.3354955042269616,0.0100025837977503,-0.384093620780286,-1.203464024716553,-0.5770336441360276,-0.1523106351958418,0.0572196511743367,0.827718773074817,-1.1709898003413155,-0.932181005628156,-1.697568502906575,-0.6850700340309701,-0.2092597442669805,-0.2069124059342799,5.291744291157784,4.562752124100281,3.73525826079531,0.053760086303032605,0.32481686115420927,0.34471806990992815,0.9292655359913687,0.1002784664735253,0.3505678039664128,0.056648223502239275,0.41794815976627686,0.4369358262307159,0.009416682267222623,0.09000266888839088,0.15115023523513313,0.06555636083860424,0.05394153991533194,0.10184998838748734,0.1537166316701558,0.2240206217759619
